{
  "name": "kult4th",
  "title": "Kult: Divinity Lost (4th Edition)",
  "description": "An implementation of Kult: Divinity Lost (4th Edition), based on the original Kult 4E Foundry system by Tom LaPorta.",
  "version": 0.1,
  "minimumCoreVersion": "0.8.4",
  "compatibleCoreVersion": "0.9",
  "author": "Ryan West",
	"scripts": [
		"scripts/cq-prolyfill.min.js",
		"scripts/clamp.min.js"
	],
  "esmodules": [
		"scripts/kult4th.js",
		"greensock/esm/all.js"
	],
  "styles": [
		"css/kult4th.css"
	],
  "packs": [
		{
			"name": "k4-basic-player-moves",
			"label": "[K4] Basic Player Moves",
			"system": "kult4th",
			"module": "kult4th",
			"path": "packs/k4-basic-player-moves.db",
			"entity": "Item"
		},
		{
			"name": "k4-advantages",
			"label": "[K4] Advantages",
			"system": "kult4th",
			"module": "kult4th",
			"path": "packs/k4-advantages.db",
			"entity": "Item"
		},
		{
			"name": "k4-disadvantages",
			"label": "[K4] Disadvantages",
			"system": "kult4th",
			"module": "kult4th",
			"path": "packs/k4-disadvantages.db",
			"entity": "Item"
		},
		{
			"name": "k4-dark-secrets",
			"label": "[K4] Dark Secrets",
			"system": "kult4th",
			"module": "kult4th",
			"path": "packs/k4-dark-secrets.db",
			"entity": "Item"
		},
		{
			"name": "k4-weapons-and-gear",
			"label": "[K4] Weapons & Gear",
			"system": "kult4th",
			"module": "kult4th",
			"path": "packs/k4-weapons-and-gear.db",
			"entity": "Item"
		}
	],
  "languages": [
     {
      "lang": "en",
      "name": "English",
      "path": "lang/en.json"
    }
  ],
  "gridDistance": 5,
  "gridUnits": "ft",
  "primaryTokenAttribute": "harm",
  "url": "https://github.com/Eunomiac/kult4th",
  "manifest": "https://raw.githubusercontent.com/Eunomiac/kult4th/master/system.json",
  "download": "",
  "readme": "",
  "license": "",
  "media": [
    {
      "type": "cover",
      "url": "systems/kult4th/assets/kult-logo-opaque.webp"
    }
	]
}
